<?xml version="1.0" encoding="UTF-8"?>
<project-private xmlns="http://www.netbeans.org/ns/project-private/1">
    <editor-bookmarks xmlns="http://www.netbeans.org/ns/editor-bookmarks/2" lastBookmarkId="0"/>
    <open-files xmlns="http://www.netbeans.org/ns/projectui-open-files/2">
        <group>
            <file>file:/C:/Users/OS/Documents/NetBeansProjects/PianoCenterGit/PianoCenter/PianoCenter/src/java/dbutils/DBUtils.java</file>
            <file>file:/C:/Users/OS/Documents/NetBeansProjects/PianoCenterGit/PianoCenter/PianoCenter/src/java/dto/CartDTO.java</file>
            <file>file:/C:/Users/OS/Documents/NetBeansProjects/PianoCenterGit/PianoCenter/PianoCenter/web/ViewCart.jsp</file>
            <file>file:/C:/Users/OS/Documents/NetBeansProjects/PianoCenterGit/PianoCenter/PianoCenter/src/java/controller/LoginController.java</file>
            <file>file:/C:/Users/OS/Documents/NetBeansProjects/PianoCenterGit/PianoCenter/PianoCenter/src/java/controller/MainController.java</file>
            <file>file:/C:/Users/OS/Documents/NetBeansProjects/PianoCenterGit/PianoCenter/PianoCenter/src/java/dao/RegistrationDAO.java</file>
            <file>file:/C:/Users/OS/Documents/NetBeansProjects/PianoCenterGit/PianoCenter/PianoCenter/src/java/controller/CheckingCourseController.java</file>
            <file>file:/C:/Users/OS/Documents/NetBeansProjects/PianoCenterGit/PianoCenter/PianoCenter/web/Admin.jsp</file>
            <file>file:/C:/Users/OS/Documents/NetBeansProjects/PianoCenterGit/PianoCenter/PianoCenter/web/HomePage.jsp</file>
            <file>file:/C:/Users/OS/Documents/NetBeansProjects/PianoCenterGit/PianoCenter/PianoCenter/src/java/controller/CheckingController.java</file>
            <file>file:/C:/Users/OS/Documents/NetBeansProjects/PianoCenterGit/PianoCenter/PianoCenter/web/RegisterPage.jsp</file>
            <file>file:/C:/Users/OS/Documents/NetBeansProjects/PianoCenterGit/PianoCenter/PianoCenter/web/LoginPage.jsp</file>
            <file>file:/C:/Users/OS/Documents/NetBeansProjects/PianoCenterGit/PianoCenter/PianoCenter/src/java/crud/ICRUD.java</file>
            <file>file:/C:/Users/OS/Documents/NetBeansProjects/PianoCenterGit/PianoCenter/PianoCenter/src/java/dto/CourseDTO.java</file>
            <file>file:/C:/Users/OS/Documents/NetBeansProjects/PianoCenterGit/PianoCenter/PianoCenter/src/java/controller/CreateCourseController.java</file>
            <file>file:/C:/Users/OS/Documents/NetBeansProjects/PianoCenterGit/PianoCenter/PianoCenter/web/createCoursePage.jsp</file>
            <file>file:/C:/Users/OS/Documents/NetBeansProjects/PianoCenterGit/PianoCenter/PianoCenter/src/java/cartcontroller/DeleteCart.java</file>
            <file>file:/C:/Users/OS/Documents/NetBeansProjects/PianoCenterGit/PianoCenter/PianoCenter/src/java/cartcontroller/ValidateCart.java</file>
            <file>file:/C:/Users/OS/Documents/NetBeansProjects/PianoCenterGit/PianoCenter/PianoCenter/src/java/dao/CourseDAO.java</file>
            <file>file:/C:/Users/OS/Documents/NetBeansProjects/PianoCenterGit/PianoCenter/PianoCenter/src/java/cartcontroller/AddToCartController.java</file>
            <file>file:/C:/Users/OS/Documents/NetBeansProjects/PianoCenterGit/PianoCenter/PianoCenter/src/java/controller/AuthorizationController.java</file>
            <file>file:/C:/Users/OS/Documents/NetBeansProjects/PianoCenterGit/PianoCenter/PianoCenter/web/WEB-INF/web.xml</file>
            <file>file:/C:/Users/OS/Documents/NetBeansProjects/PianoCenterGit/PianoCenter/PianoCenter/src/java/controller/UpdateController.java</file>
            <file>file:/C:/Users/OS/Documents/NetBeansProjects/PianoCenterGit/PianoCenter/PianoCenter/src/java/cartcontroller/UpdateCart.java</file>
            <file>file:/C:/Users/OS/Documents/NetBeansProjects/PianoCenterGit/PianoCenter/PianoCenter/src/java/dao/UserDAO.java</file>
            <file>file:/C:/Users/OS/Documents/NetBeansProjects/PianoCenterGit/PianoCenter/PianoCenter/src/java/dao/CartDAO.java</file>
        </group>
    </open-files>
</project-private>
